{
  "accuracy": 0.7557142857142857,
  "precision_macro": 0.7615386439797466,
  "recall_macro": 0.7557142857142857,
  "f1_macro": 0.7545692266198193,
  "Tumor_precision": 0.8272884283246977,
  "Tumor_recall": 0.6842857142857143,
  "Tumor_f1": 0.7490226739640344,
  "Lymphocyte_precision": 0.7263922518159807,
  "Lymphocyte_recall": 0.8571428571428571,
  "Lymphocyte_f1": 0.7863695937090432,
  "Histiocyte_precision": 0.7309352517985611,
  "Histiocyte_recall": 0.7257142857142858,
  "Histiocyte_f1": 0.72831541218638
}