{
  "train": {
    "accuracy": 0.9084,
    "precision_macro": 0.9086081523450987,
    "recall_macro": 0.9084,
    "f1_macro": 0.908494818487149,
    "Tumor_precision": 0.9560129136400323,
    "Tumor_recall": 0.9476,
    "Tumor_f1": 0.9517878666130977,
    "Lymphocyte_precision": 0.8854415274463007,
    "Lymphocyte_recall": 0.8904,
    "Lymphocyte_f1": 0.8879138412445153,
    "Histiocyte_precision": 0.8843700159489634,
    "Histiocyte_recall": 0.8872,
    "Histiocyte_f1": 0.8857827476038339
  },
  "val": {
    "accuracy": 0.7652380952380953,
    "precision_macro": 0.7677789368057493,
    "recall_macro": 0.7652380952380953,
    "f1_macro": 0.7643864093797959,
    "Tumor_precision": 0.8174846625766872,
    "Tumor_recall": 0.7614285714285715,
    "Tumor_f1": 0.7884615384615384,
    "Lymphocyte_precision": 0.7323420074349443,
    "Lymphocyte_recall": 0.8442857142857143,
    "Lymphocyte_f1": 0.7843397478433974,
    "Histiocyte_precision": 0.7535101404056163,
    "Histiocyte_recall": 0.69,
    "Histiocyte_f1": 0.7203579418344519
  }
}