{
  "accuracy": 0.758095238095238,
  "precision_macro": 0.7627809425742668,
  "recall_macro": 0.7580952380952382,
  "f1_macro": 0.7560413057909369,
  "Tumor_precision": 0.7746686303387335,
  "Tumor_recall": 0.7514285714285714,
  "Tumor_f1": 0.7628716461203771,
  "Lymphocyte_precision": 0.7205707491082045,
  "Lymphocyte_recall": 0.8657142857142858,
  "Lymphocyte_f1": 0.7865022712524334,
  "Histiocyte_precision": 0.7931034482758621,
  "Histiocyte_recall": 0.6571428571428571,
  "Histiocyte_f1": 0.71875
}